대여소_ID,주소1
2,마포구
3,마포구
4,마포구
5,마포구
6,마포구
7,마포구
8,마포구
9,마포구
10,마포구
11,마포구
12,서대문구
13,서대문구
14,서대문구
15,마포구
16,마포구
17,서대문구
18,마포구
19,마포구
20,마포구
21,마포구
22,마포구
23,마포구
24,마포구
25,서대문구
26,마포구
27,마포구
28,마포구
29,마포구
30,서대문구
31,마포구
32,마포구
33,서대문구
34,서대문구
35,서대문구
36,서대문구
37,서대문구
38,마포구
39,서대문구
40,서대문구
41,서대문구
42,서대문구
43,서대문구
45,영등포구
46,영등포구
47,영등포구
48,성동구
50,영등포구
51,영등포구
52,영등포구
53,영등포구
54,영등포구
55,영등포구
56,영등포구
57,영등포구
58,영등포구
59,영등포구
60,영등포구
61,영등포구
62,영등포구
63,영등포구
64,영등포구
65,영등포구
66,영등포구
67,영등포구
68,영등포구
69,영등포구
70,영등포구
71,영등포구
72,영등포구
73,영등포구
74,마포구
76,마포구
77,마포구
78,마포구
79,마포구
80,마포구
81,마포구
82,마포구
83,마포구
84,마포구
85,마포구
86,마포구
87,마포구
88,마포구
89,마포구
90,마포구
91,마포구
92,마포구
93,은평구
94,마포구
95,마포구
96,마포구
97,광진구
98,광진구
99,광진구
100,광진구
101,광진구
102,광진구
103,성동구
104,성동구
105,성동구
106,성동구
107,성동구
108,성동구
109,성동구
110,마포구
111,성동구
112,성동구
113,광진구
114,광진구
115,성동구
116,중구
117,종로구
118,종로구
119,종로구
120,종로구
121,종로구
122,종로구
123,종로구
124,종로구
125,종로구
126,중구
127,도봉구
128,중구
129,중구
130,종로구
131,종로구
132,종로구
133,종로구
134,중구
135,중구
136,중구
137,중구
138,중구
139,중구
140,중구
141,종로구
142,종로구
143,종로구
144,종로구
145,종로구
146,중구
147,중구
148,중구
149,종로구
150,종로구
151,종로구
152,중구
153,종로구
154,종로구
155,종로구
156,종로구
157,종로구
158,종로구
159,종로구
160,종로구
161,종로구
162,중구
163,중구
164,서초구
165,종로구
166,종로구
167,종로구
168,종로구
169,종로구
170,종로구
171,종로구
172,종로구
173,종로구
174,종로구
175,종로구
176,종로구
177,종로구
178,종로구
179,종로구
180,종로구
181,종로구
182,종로구
183,종로구
184,중구
185,중구
186,중구
187,중구
188,중구
189,중구
190,중구
191,중구
192,중구
193,중구
194,중구
195,중구
196,중구
197,중구
198,중구
199,중구
200,마포구
201,마포구
202,마포구
203,마포구
204,마포구
205,마포구
206,마포구
207,마포구
208,마포구
209,마포구
210,마포구
211,마포구
212,마포구
213,마포구
214,마포구
215,서대문구
216,서대문구
217,서대문구
218,서대문구
219,서대문구
220,서대문구
221,서대문구
222,서대문구
223,서대문구
224,서대문구
225,서대문구
226,서대문구
227,서대문구
228,서대문구
229,영등포구
230,서대문구
231,서대문구
232,서대문구
233,서대문구
234,성동구
235,성동구
236,성동구
237,성동구
238,성동구
239,성동구
240,성동구
241,성동구
242,성동구
243,성동구
244,성동구
245,성동구
246,성동구
247,성동구
248,성동구
249,성동구
250,성동구
251,성동구
252,광진구
253,광진구
254,광진구
255,광진구
256,광진구
257,광진구
258,광진구
259,광진구
260,동대문구
261,동대문구
262,동대문구
263,동대문구
264,동대문구
265,동대문구
266,동대문구
267,동대문구
268,동대문구
269,동대문구
270,동대문구
271,동대문구
272,동대문구
273,동대문구
274,동대문구
275,동대문구
276,동대문구
277,영등포구
278,영등포구
279,영등포구
280,영등포구
281,영등포구
282,영등포구
283,영등포구
284,영등포구
285,영등포구
286,영등포구
287,영등포구
288,영등포구
289,영등포구
290,영등포구
291,영등포구
292,영등포구
293,영등포구
294,영등포구
295,영등포구
296,영등포구
297,영등포구
298,영등포구
299,영등포구
300,영등포구
301,영등포구
302,영등포구
303,영등포구
304,영등포구
305,영등포구
306,영등포구
307,영등포구
308,양천구
309,양천구
310,양천구
311,양천구
312,양천구
313,양천구
314,양천구
315,양천구
316,양천구
317,양천구
318,양천구
319,양천구
320,양천구
321,양천구
322,용산구
323,용산구
324,용산구
325,용산구
326,용산구
327,용산구
328,용산구
329,용산구
330,용산구
331,용산구
332,용산구
333,용산구
334,용산구
335,용산구
336,종로구
337,종로구
338,중구
339,마포구
340,마포구
341,마포구
342,마포구
343,마포구
344,마포구
345,서대문구
346,서대문구
347,서대문구
348,서대문구
349,서대문구
350,서대문구
351,서대문구
352,서대문구
353,서대문구
354,서대문구
355,성동구
356,성동구
357,성동구
358,성동구
359,성동구
360,성동구
361,성동구
362,성동구
363,성동구
364,성동구
365,성동구
366,성동구
367,성동구
368,성동구
369,동대문구
370,성동구
371,성동구
372,성동구
373,성동구
374,성동구
375,성동구
376,성동구
377,광진구
378,광진구
379,광진구
380,영등포구
381,광진구
382,광진구
383,광진구
384,광진구
385,광진구
386,광진구
387,광진구
388,광진구
389,동대문구
390,동대문구
391,동대문구
392,동대문구
393,동대문구
394,동대문구
395,동대문구
396,동대문구
397,동대문구
398,동대문구
399,동대문구
400,동대문구
401,동대문구
402,동대문구
403,동대문구
404,동대문구
405,동대문구
406,동대문구
407,동대문구
408,동대문구
409,동대문구
410,동대문구
411,동대문구
412,동대문구
413,영등포구
414,영등포구
415,영등포구
416,영등포구
417,영등포구
418,영등포구
419,영등포구
420,영등포구
421,영등포구
422,영등포구
423,영등포구
424,영등포구
425,영등포구
426,영등포구
427,양천구
428,양천구
429,양천구
430,양천구
431,양천구
432,양천구
433,양천구
434,용산구
435,용산구
436,용산구
437,용산구
438,용산구
439,용산구
440,용산구
441,용산구
442,용산구
443,마포구
444,종로구
445,광진구
446,성동구
447,성동구
448,은평구
449,은평구
450,은평구
451,은평구
452,은평구
453,은평구
454,은평구
455,은평구
456,은평구
457,은평구
458,은평구
459,은평구
460,은평구
461,은평구
462,은평구
463,은평구
464,은평구
465,은평구
466,은평구
467,은평구
468,은평구
469,은평구
470,은평구
471,은평구
472,은평구
473,은평구
474,은평구
475,은평구
476,은평구
477,은평구
478,은평구
479,은평구
480,은평구
481,은평구
482,성동구
483,광진구
484,서초구
485,강동구
486,강동구
487,강동구
488,강동구
489,강동구
490,강동구
491,강동구
492,강동구
493,강동구
494,강동구
495,강동구
496,강동구
497,강동구
498,강동구
499,강동구
500,강동구
501,강동구
502,강동구
503,강동구
504,강동구
505,강동구
506,성동구
507,강서구
508,강서구
509,강서구
510,강서구
511,강서구
512,강서구
513,강서구
514,강서구
515,강서구
516,강서구
517,강서구
518,강서구
519,강서구
520,강서구
521,강서구
522,강서구
523,강서구
524,강서구
525,강서구
526,강서구
527,강서구
528,강서구
529,강서구
530,강서구
531,강서구
532,강서구
533,강서구
534,강서구
535,강서구
536,강서구
537,강서구
538,강서구
539,송파구
540,송파구
541,송파구
542,송파구
543,송파구
544,송파구
545,송파구
546,송파구
547,송파구
548,송파구
549,송파구
550,송파구
551,송파구
552,송파구
553,송파구
554,서대문구
555,서대문구
556,성북구
557,성북구
558,중랑구
559,성북구
560,성북구
561,중랑구
562,성북구
563,성북구
564,성북구
565,성북구
566,중랑구
567,성북구
568,중랑구
569,중랑구
570,중랑구
571,성북구
572,성북구
573,중랑구
574,성북구
575,중랑구
576,성북구
577,중랑구
578,노원구
579,성북구
580,성북구
581,중랑구
582,성북구
583,중랑구
584,중랑구
585,중랑구
586,중랑구
587,중랑구
588,중랑구
589,중랑구
590,중랑구
591,중랑구
592,중랑구
593,중랑구
594,중랑구
595,중랑구
596,중랑구
597,성북구
598,서초구
599,중랑구
600,노원구
601,노원구
602,노원구
603,노원구
604,노원구
605,노원구
606,노원구
607,노원구
608,노원구
609,노원구
610,노원구
611,노원구
612,노원구
613,도봉구
614,도봉구
615,도봉구
616,도봉구
617,도봉구
618,서초구
619,금천구
620,금천구
621,금천구
622,금천구
623,금천구
624,금천구
625,금천구
626,금천구
627,금천구
628,금천구
629,금천구
630,금천구
631,금천구
632,금천구
633,금천구
634,금천구
635,금천구
636,금천구
637,금천구
638,금천구
639,금천구
640,금천구
641,금천구
642,금천구
643,강북구
644,강북구
645,강북구
646,강북구
647,강북구
648,강북구
649,강북구
650,강북구
651,강북구
652,강북구
653,강북구
654,강북구
655,성북구
656,도봉구
657,도봉구
658,도봉구
659,도봉구
660,금천구
661,금천구
662,구로구
663,구로구
664,구로구
665,구로구
666,구로구
667,구로구
668,구로구
669,구로구
670,구로구
671,구로구
672,구로구
673,구로구
674,구로구
675,구로구
676,구로구
677,구로구
678,구로구
679,구로구
680,구로구
681,구로구
682,구로구
683,동작구
684,동작구
685,동작구
686,동작구
687,동작구
688,동작구
689,동작구
690,동작구
691,동작구
692,동작구
693,동작구
694,동작구
695,동작구
696,동작구
697,동작구
698,동작구
699,동작구
700,동작구
701,동작구
702,관악구
703,관악구
704,관악구
705,관악구
706,관악구
707,관악구
708,관악구
709,관악구
710,관악구
711,관악구
712,관악구
713,관악구
714,관악구
715,관악구
716,관악구
717,관악구
718,관악구
719,관악구
720,관악구
721,관악구
722,관악구
723,관악구
724,관악구
725,관악구
726,동작구
727,동작구
728,동작구
729,동작구
730,동작구
731,동작구
732,동작구
733,동작구
734,도봉구
735,노원구
736,노원구
737,송파구
738,송파구
739,송파구
740,송파구
741,서초구
742,서초구
743,서초구
744,서초구
745,서초구
746,서초구
747,서초구
748,서초구
749,서초구
750,서초구
751,서초구
752,서초구
753,동작구
754,서초구
755,서초구
756,서초구
757,서초구
758,서초구
759,서초구
760,동작구
761,서초구
762,서초구
763,서초구
764,서초구
765,서초구
766,강남구
767,서초구
768,서초구
769,서초구
770,서초구
771,서초구
772,서초구
773,서초구
774,서초구
775,강남구
776,서초구
777,강남구
778,강남구
779,강남구
780,서초구
781,서초구
782,강남구
783,강남구
784,강남구
785,강남구
786,강남구
787,강남구
788,강남구
789,강남구
790,강남구
791,강남구
792,강남구
793,강남구
794,강남구
795,강남구
796,강남구
797,강남구
798,강남구
799,강남구
800,강남구
801,강남구
802,강남구
803,강남구
804,강남구
805,강남구
806,강남구
807,강남구
808,강남구
809,강남구
810,강남구
811,강남구
812,강남구
813,강남구
814,강남구
815,강남구
816,강남구
817,강남구
818,강남구
819,강남구
820,강남구
821,강남구
822,강남구
823,강남구
824,강서구
825,성북구
826,성북구
827,성북구
828,강서구
829,강서구
830,강동구
831,강서구
832,강서구
833,강서구
834,강서구
835,강서구
836,강서구
837,강서구
838,송파구
839,송파구
840,송파구
841,성북구
842,성북구
843,성북구
844,성북구
845,성북구
846,성북구
847,중랑구
848,중랑구
849,중랑구
850,중랑구
851,중랑구
852,중랑구
853,중랑구
854,중랑구
855,중랑구
856,중랑구
857,중랑구
858,강북구
859,강북구
860,강북구
861,강북구
862,강북구
863,강북구
864,도봉구
865,강북구
866,노원구
867,노원구
868,노원구
869,노원구
870,구로구
871,구로구
872,구로구
873,구로구
874,구로구
875,구로구
876,구로구
877,동작구
878,동작구
879,서초구
880,서초구
881,서초구
882,관악구
883,관악구
884,관악구
885,관악구
886,관악구
887,관악구
888,관악구
889,서초구
890,서초구
891,송파구
892,송파구
893,송파구
894,송파구
895,송파구
896,송파구
897,송파구
898,송파구
899,송파구
900,송파구
901,송파구
902,송파구
903,송파구
904,송파구
905,송파구
906,송파구
907,송파구
908,송파구
909,송파구
910,성북구
911,성북구
912,중랑구
913,노원구
914,노원구
915,노원구
916,도봉구
917,금천구
918,구로구
919,구로구
920,구로구
921,동작구
922,동작구
923,동작구
924,동작구
925,서초구
926,서초구
927,서초구
928,서초구
929,서초구
930,송파구
931,성북구
932,동작구
933,송파구
934,관악구
935,서초구
936,구로구
937,강남구
938,종로구
939,종로구
940,종로구
941,종로구
942,중랑구
943,중구
944,중구
945,중구
946,중구
947,성북구
948,강북구
949,서초구
950,관악구
951,관악구
952,금천구
953,강남구
954,강남구
955,강남구
956,강남구
957,강남구
958,강남구
959,강남구
960,강남구
961,강남구
962,강남구
963,강남구
964,노원구
965,관악구
966,강남구
967,성동구
968,마포구
969,서초구
970,노원구
971,노원구
972,광진구
973,광진구
974,광진구
975,강서구
976,관악구
977,중구
978,종로구
979,종로구
980,광진구
981,송파구
982,마포구
983,광진구
984,광진구
985,광진구
986,광진구
987,광진구
988,광진구
989,마포구
990,마포구
991,마포구
992,마포구
993,양천구
994,양천구
995,양천구
996,양천구
997,양천구
998,양천구
999,양천구
1000,양천구
1001,양천구
1002,양천구
1003,양천구
1004,양천구
1005,양천구
1006,양천구
1007,양천구
1008,양천구
1009,양천구
1010,양천구
1011,양천구
1012,양천구
1013,양천구
1014,양천구
1015,양천구
1016,양천구
1017,양천구
1018,양천구
1019,양천구
1020,은평구
1021,은평구
1022,은평구
1023,은평구
1024,은평구
1025,은평구
1027,은평구
1028,은평구
1029,은평구
1030,은평구
1031,은평구
1032,은평구
1033,은평구
1034,은평구
1035,은평구
1036,은평구
1037,은평구
1038,은평구
1039,은평구
1040,강동구
1041,강동구
1042,강동구
1043,강동구
1044,강동구
1045,강동구
1046,강동구
1047,강동구
1048,강동구
1049,강동구
1050,강동구
1051,강동구
1052,강동구
1053,강동구
1054,강동구
1055,강동구
1056,강동구
1057,강동구
1058,강동구
1059,강동구
1060,강동구
1061,강동구
1062,강서구
1063,강서구
1064,강서구
1065,강서구
1066,강서구
1067,강서구
1068,강서구
1069,강서구
1070,송파구
1072,송파구
1073,송파구
1074,송파구
1075,송파구
1076,송파구
1077,송파구
1078,송파구
1079,송파구
1080,송파구
1081,송파구
1082,송파구
1083,송파구
1084,송파구
1085,송파구
1086,송파구
1087,송파구
1088,송파구
1089,송파구
1090,송파구
1091,송파구
1092,송파구
1093,중랑구
1094,중랑구
1095,중랑구
1096,중랑구
1097,중랑구
1098,중랑구
1099,중랑구
1100,강북구
1101,강북구
1102,강북구
1103,강북구
1104,강북구
1105,강북구
1106,강북구
1107,강북구
1108,강북구
1109,강북구
1110,강북구
1111,노원구
1112,노원구
1114,노원구
1115,노원구
1116,노원구
1117,노원구
1118,노원구
1119,노원구
1120,노원구
1121,노원구
1122,노원구
1123,노원구
1124,노원구
1125,노원구
1126,노원구
1127,노원구
1128,노원구
1129,도봉구
1130,도봉구
1131,도봉구
1132,도봉구
1133,도봉구
1134,도봉구
1135,도봉구
1136,도봉구
1137,도봉구
1138,금천구
1139,금천구
1140,금천구
1141,금천구
1142,금천구
1143,금천구
1144,금천구
1145,금천구
1146,금천구
1147,금천구
1148,금천구
1149,금천구
1150,동작구
1151,동작구
1152,동작구
1153,동작구
1154,동작구
1155,관악구
1156,관악구
1157,관악구
1158,서초구
1159,서초구
1160,서초구
1161,서초구
1162,서초구
1163,서초구
1164,서초구
1165,서초구
1166,서초구
1167,서초구
1168,서초구
1169,서초구
1170,강남구
1171,강남구
1172,강남구
1173,강남구
1174,강남구
1176,강남구
1177,강남구
1178,강남구
1179,강남구
1180,강남구
1181,강남구
1182,강남구
1184,강남구
1185,강남구
1186,강남구
1187,강남구
1188,서대문구
1189,서대문구
1190,서대문구
1191,광진구
1192,광진구
1193,광진구
1194,광진구
1195,성동구
1197,성동구
1198,성동구
1199,성동구
1200,성북구
1201,성북구
1202,성북구
1203,성북구
1204,성북구
1205,노원구
1206,성북구
1207,성북구
1208,성북구
1209,성북구
1210,성북구
1211,성북구
1212,성북구
1213,성북구
1214,성북구
1215,성북구
1216,성북구
1217,성북구
1218,구로구
1219,구로구
1220,구로구
1221,구로구
1222,구로구
1223,구로구
1224,구로구
1225,금천구
1226,구로구
1227,구로구
1228,구로구
1229,구로구
1230,구로구
1231,구로구
1232,구로구
1233,구로구
1234,구로구
1235,구로구
1236,구로구
1237,구로구
1238,구로구
1239,구로구
1240,구로구
1241,구로구
1242,구로구
1243,구로구
1244,강남구
1245,강남구
1246,강남구
1247,강남구
1248,강남구
1249,강서구
1250,강서구
1251,강서구
1252,강서구
1253,강서구
1254,강서구
1255,강서구
1256,동작구
1257,관악구
1258,관악구
1259,관악구
1260,관악구
1261,관악구
1262,관악구
1263,광진구
1264,관악구
1265,관악구
1266,광진구
1267,관악구
1268,관악구
1269,관악구
1270,관악구
1271,광진구
1272,구로구
1273,구로구
1274,구로구
1275,구로구
1276,금천구
1277,금천구
1278,노원구
1279,노원구
1280,노원구
1281,노원구
1282,노원구
1283,노원구
1284,노원구
1285,노원구
1286,노원구
1287,노원구
1288,노원구
1289,노원구
1290,노원구
1291,노원구
1292,도봉구
1293,도봉구
1294,도봉구
1295,도봉구
1296,도봉구
1297,도봉구
1298,동대문구
1299,동대문구
1300,동대문구
1301,동대문구
1302,동대문구
1303,동대문구
1304,서초구
1305,서초구
1306,서초구
1307,서초구
1308,서초구
1309,서초구
1310,서초구
1311,서초구
1312,서초구
1313,서초구
1314,서초구
1315,서초구
1316,서초구
1317,성북구
1318,영등포구
1319,영등포구
1320,영등포구
1321,영등포구
1322,영등포구
1323,영등포구
1324,용산구
1325,용산구
1326,용산구
1327,용산구
1328,용산구
1329,은평구
1330,은평구
1331,은평구
1332,중랑구
1333,중랑구
1334,중랑구
1335,중랑구
1336,성동구
1337,관악구
1338,강서구
1339,용산구
1340,용산구
1341,용산구
1342,용산구
1343,용산구
1344,용산구
1345,중랑구
1346,중랑구
1347,성북구
1348,노원구
1349,노원구
1350,양천구
1351,강서구
1352,강서구
1353,영등포구
1354,영등포구
1355,동작구
1356,동작구
1357,관악구
1358,서초구
1359,서초구
1360,서초구
1361,서초구
1362,서초구
1363,서초구
1364,강남구
1365,강남구
1366,강남구
1367,송파구
1368,강동구
1369,강동구
1370,강동구
1371,강동구
1372,종로구
1373,종로구
1374,종로구
1375,중랑구
1376,용산구
1377,성동구
1378,광진구
1379,광진구
1380,중랑구
1381,중랑구
1382,성북구
1383,성북구
1384,성북구
1385,성북구
1386,성북구
1387,강북구
1388,강북구
1389,강북구
1390,강북구
1391,강북구
1392,강북구
1394,노원구
1395,노원구
1396,노원구
1397,마포구
1398,양천구
1399,양천구
1400,양천구
1401,양천구
1402,강서구
1403,금천구
1404,서초구
1405,서초구
1406,서초구
1407,강남구
1408,송파구
1409,송파구
1410,송파구
1411,송파구
1412,송파구
1413,송파구
1414,송파구
1415,송파구
1416,송파구
1417,송파구
1418,송파구
1419,송파구
1420,강동구
1421,강동구
1422,송파구
1423,강북구
1424,성북구
1425,노원구
1426,노원구
1427,광진구
1428,광진구
1429,광진구
1430,관악구
1431,종로구
1432,종로구
1433,강남구
1434,도봉구
1435,중구
1436,중구
1437,중구
1438,중구
1439,중구
1440,중구
1441,용산구
1442,용산구
1443,용산구
1444,용산구
1445,용산구
1446,용산구
1447,동대문구
1448,동대문구
1449,동대문구
1450,동대문구
1451,중랑구
1452,중랑구
1453,중랑구
1454,성북구
1455,성북구
1456,성북구
1457,성북구
1458,성북구
1459,성북구
1460,성북구
1461,도봉구
1462,도봉구
1463,도봉구
1464,도봉구
1465,도봉구
1466,도봉구
1467,도봉구
1468,도봉구
1469,도봉구
1470,도봉구
1471,도봉구
1472,도봉구
1473,노원구
1474,노원구
1475,노원구
1476,노원구
1477,노원구
1478,은평구
1479,은평구
1480,은평구
1481,은평구
1482,은평구
1483,은평구
1484,은평구
1485,은평구
1486,은평구
1487,은평구
1488,은평구
1489,은평구
1490,은평구
1491,서대문구
1492,마포구
1493,서대문구
1494,마포구
1495,양천구
1496,양천구
1497,양천구
1498,양천구
1499,양천구
1500,양천구
1501,양천구
1502,양천구
1503,양천구
1504,양천구
1505,양천구
1506,강서구
1507,강서구
1508,강서구
1509,강서구
1510,강서구
1511,강서구
1512,강서구
1513,강서구
1514,강서구
1515,강서구
1516,강서구
1517,강서구
1518,강서구
1519,강서구
1520,강서구
1521,구로구
1522,구로구
1523,구로구
1524,구로구
1525,구로구
1526,구로구
1527,구로구
1528,구로구
1529,구로구
1530,구로구
1531,구로구
1532,구로구
1533,금천구
1534,금천구
1535,금천구
1536,금천구
1537,금천구
1538,금천구
1539,영등포구
1540,영등포구
1541,영등포구
1542,동작구
1543,동작구
1544,동작구
1545,동작구
1546,관악구
1547,관악구
1548,관악구
1549,관악구
1550,관악구
1551,관악구
1552,서초구
1553,서초구
1554,서초구
1555,서초구
1556,서초구
1557,서초구
1558,서초구
1559,강남구
1560,강남구
1561,강남구
1562,강남구
1563,강남구
1564,강남구
1565,강남구
1566,강남구
1567,강남구
1568,강남구
1569,강남구
1570,강남구
1571,강남구
1572,강남구
1573,강남구
1574,강남구
1575,강남구
1576,강남구
1577,강남구
1578,강남구
1579,송파구
1580,송파구
1581,송파구
1582,송파구
1583,송파구
1584,송파구
1585,송파구
1586,송파구
1587,송파구
1588,송파구
1589,송파구
1590,송파구
1591,송파구
1592,송파구
1593,강동구
1594,강동구
1595,강동구
1596,강동구
1597,강동구
1598,강동구
1599,성동구
1600,성동구
1601,성동구
1602,광진구
1603,광진구
1604,강북구
1605,종로구
1606,종로구
1607,종로구
1608,종로구
1609,종로구
1610,종로구
1611,종로구
1612,종로구
1613,종로구
1614,강북구
1615,용산구
1616,성동구
1617,성동구
1618,성동구
1619,종로구
1620,강동구
1621,강동구
1622,강동구
1623,강동구
1624,동대문구
1625,동대문구
1626,강동구
1627,송파구
1628,동대문구
1629,동대문구
1630,동대문구
1631,동대문구
1632,동대문구
1633,성북구
1634,성북구
1635,성북구
1636,성북구
1637,성북구
1638,도봉구
1639,노원구
1640,노원구
1641,노원구
1642,노원구
1643,서대문구
1644,서대문구
1645,강서구
1646,강서구
1647,강서구
1648,금천구
1649,영등포구
1650,영등포구
1651,영등포구
1652,영등포구
1653,영등포구
1654,서초구
1655,서초구
1656,송파구
1657,송파구
1658,송파구
1659,성동구
1660,광진구
1661,광진구
1662,광진구
1663,광진구
1664,광진구
1665,강북구
1666,성북구
1667,동작구
1668,중구
1669,중구
1670,중구
1671,동대문구
1672,노원구
1673,은평구
1674,은평구
1675,마포구
1676,강서구
1677,영등포구
1678,관악구
1679,강남구
1680,강남구
1681,송파구
1682,송파구
1683,송파구
1684,송파구
1685,송파구
1686,강동구
1687,강동구
1688,강서구
1689,강서구
1690,광진구
1691,마포구
1692,마포구
1693,마포구
1694,강서구
1695,강서구
1696,구로구
1697,영등포구
1698,영등포구
1699,영등포구
1700,영등포구
1701,영등포구
1702,관악구
1703,강남구
1704,강남구
1705,송파구
1706,송파구
1707,송파구
1708,강서구
1709,강서구
1710,강서구
1711,강서구
1712,강서구
1713,강서구
1714,강서구
1715,강서구
1716,송파구
1717,송파구
1718,강서구
1719,송파구
1720,송파구
1721,용산구
1722,광진구
1723,성북구
1724,강북구
1725,강북구
1726,도봉구
1727,강서구
1728,송파구
1729,송파구
1730,송파구
1731,양천구
1732,구로구
1733,구로구
1734,금천구
1735,서초구
1736,양천구
1737,성동구
1738,성동구
1739,서초구
1740,노원구
1741,영등포구
1742,동작구
1743,서초구
1744,서초구
1745,성북구
1746,성북구
1747,성동구
1748,영등포구
1749,성동구
1750,강서구
1751,은평구
1752,종로구
1753,구로구
1754,마포구
1755,종로구
1756,종로구
1757,관악구
1758,동대문구
1759,종로구
1760,광진구
1761,중구
1762,강동구
1763,강동구
1764,강동구
1765,강동구
1766,강동구
1767,강동구
1768,중구
1769,중구
1770,중구
1771,중구
1772,중구
1773,중구
1774,중구
1775,중구
1776,중구
1777,중구
1778,중구
1779,중구
1780,중구
1781,중구
1782,중구
1783,중구
1784,중구
1785,중구
1786,중구
1787,중구
1788,중구
1789,중구
1790,중구
1791,중구
1792,송파구
1793,송파구
1794,송파구
1795,송파구
1796,송파구
1797,송파구
1798,종로구
1799,종로구
1800,종로구
1801,종로구
1802,종로구
1803,종로구
1804,종로구
1805,종로구
1806,종로구
1807,종로구
1808,종로구
1809,종로구
1810,종로구
1811,종로구
1812,종로구
1813,종로구
1814,종로구
1815,종로구
1816,종로구
1817,종로구
1818,종로구
1819,종로구
1820,종로구
1821,종로구
1822,종로구
1823,종로구
1824,종로구
1825,종로구
1826,종로구
1827,종로구
1828,종로구
1829,종로구
1830,강동구
1831,강동구
1832,강동구
1833,강동구
1834,강동구
1835,강동구
1836,강동구
1837,강동구
1838,강동구
1839,강동구
1840,강동구
1841,강동구
1842,강동구
1843,강동구
1844,강동구
1845,강동구
1846,강동구
1847,강동구
1848,강동구
1849,강동구
1850,강동구
1851,송파구
1852,송파구
1853,송파구
1854,송파구
1855,송파구
1856,송파구
1857,송파구
1858,송파구
1859,송파구
1860,송파구
1861,송파구
1862,송파구
1863,송파구
1864,송파구
1865,송파구
1866,송파구
1867,송파구
1868,송파구
1869,송파구
1870,송파구
1871,송파구
1872,송파구
1873,송파구
1874,송파구
1875,송파구
1876,송파구
1877,송파구
1878,송파구
1879,강남구
1880,강남구
1881,강남구
1882,강남구
1883,강남구
1884,강남구
1885,강남구
1886,강남구
1887,강남구
1888,강남구
1889,강남구
1890,강남구
1891,강남구
1892,강남구
1893,강남구
1894,강남구
1895,강남구
1896,강남구
1897,강남구
1898,강남구
1899,서초구
1900,서초구
1901,서초구
1902,서초구
1903,서초구
1904,서초구
1905,서초구
1906,서초구
1907,서초구
1908,서초구
1909,서초구
1910,서초구
1911,서초구
1912,서초구
1913,서초구
1914,서초구
1915,서초구
1916,서초구
1917,서초구
1918,서초구
1919,서초구
1920,서초구
1921,서초구
1922,서초구
1923,서초구
1924,서초구
1925,서초구
1926,서초구
1927,서초구
1928,서초구
1929,서초구
1930,서초구
1931,금천구
1932,금천구
1933,금천구
1934,금천구
1935,금천구
1936,금천구
1937,금천구
1938,금천구
1939,금천구
1940,금천구
1941,금천구
1942,구로구
1943,구로구
1944,구로구
1945,구로구
1946,구로구
1947,구로구
1948,구로구
1949,구로구
1950,구로구
1951,구로구
1952,구로구
1953,구로구
1954,구로구
1955,구로구
1956,구로구
1957,구로구
1958,구로구
1959,구로구
1960,구로구
1961,구로구
1962,구로구
1963,구로구
1964,구로구
1965,구로구
1966,구로구
1967,영등포구
1968,영등포구
1969,영등포구
1970,영등포구
1971,영등포구
1972,영등포구
1973,영등포구
1974,영등포구
1975,영등포구
1976,영등포구
1977,영등포구
1978,영등포구
1979,영등포구
1980,영등포구
1981,영등포구
1982,영등포구
1983,영등포구
1984,영등포구
1985,영등포구
1986,영등포구
1987,영등포구
1988,영등포구
1989,영등포구
1990,영등포구
1991,영등포구
1992,영등포구
1993,양천구
1994,양천구
1995,양천구
1996,양천구
1997,양천구
1998,양천구
1999,양천구
2000,양천구
2001,양천구
2002,양천구
2003,양천구
2004,양천구
2005,양천구
2006,양천구
2007,양천구
2008,양천구
2009,양천구
2010,양천구
2011,양천구
2012,양천구
2013,양천구
2014,양천구
2015,양천구
2016,양천구
2017,양천구
2018,강서구
2019,종로구
2020,강서구
2021,강서구
2022,강서구
2023,강서구
2024,강서구
2025,강서구
2026,강서구
2027,강서구
2028,강서구
2029,강서구
2030,강서구
2031,강서구
2032,강서구
2033,강서구
2034,강서구
2035,강서구
2036,강서구
2037,강서구
2038,강서구
2039,양천구
2040,강서구
2041,강서구
2042,강서구
2043,강서구
2044,강서구
2045,강서구
2046,강서구
2047,강서구
2048,강서구
2049,강서구
2050,강서구
2051,강서구
2052,강서구
2053,강서구
2054,강서구
2055,강서구
2056,강서구
2057,강서구
2058,강서구
2059,강서구
2060,노원구
2061,노원구
2062,노원구
2063,노원구
2064,노원구
2065,노원구
2066,노원구
2067,노원구
2068,노원구
2069,노원구
2070,노원구
2071,노원구
2072,노원구
2073,노원구
2074,노원구
2075,노원구
2076,노원구
2077,노원구
2078,노원구
2079,노원구
2080,노원구
2081,노원구
2082,노원구
2083,노원구
2084,노원구
2085,노원구
2086,노원구
2087,노원구
2088,도봉구
2089,도봉구
2090,도봉구
2091,도봉구
2092,도봉구
2093,도봉구
2094,도봉구
2095,도봉구
2096,도봉구
2097,도봉구
2098,도봉구
2099,도봉구
2100,도봉구
2101,도봉구
2102,도봉구
2103,도봉구
2104,도봉구
2105,도봉구
2106,도봉구
2107,도봉구
2108,도봉구
2109,도봉구
2110,도봉구
2111,도봉구
2112,도봉구
2113,도봉구
2114,도봉구
2115,도봉구
2116,도봉구
2117,도봉구
2118,도봉구
2119,도봉구
2120,도봉구
2121,도봉구
2122,강북구
2123,강북구
2124,강북구
2125,강북구
2126,강북구
2127,강북구
2128,강북구
2129,강북구
2130,강북구
2131,강북구
2132,강북구
2133,강북구
2134,강북구
2135,강북구
2136,강북구
2137,강북구
2138,중구
2139,중구
2140,도봉구
2141,종로구
2142,강동구
2143,서초구
2144,영등포구
2145,구로구
2146,마포구
2147,마포구
2148,마포구
2149,마포구
2150,마포구
2151,마포구
2152,마포구
2153,마포구
2154,마포구
2155,마포구
2156,마포구
2157,마포구
2158,마포구
2159,마포구
2160,마포구
2161,마포구
2162,마포구
2163,마포구
2164,마포구
2165,마포구
2166,마포구
2167,마포구
2168,마포구
2169,마포구
2170,마포구
2171,용산구
2172,용산구
2173,용산구
2174,용산구
2175,용산구
2176,용산구
2177,용산구
2178,용산구
2179,용산구
2180,용산구
2181,용산구
2182,용산구
2183,용산구
2184,용산구
2185,용산구
2186,용산구
2187,용산구
2188,용산구
2189,용산구
2190,용산구
2191,용산구
2192,용산구
2193,서대문구
2194,서대문구
2195,서대문구
2196,서대문구
2197,서대문구
2198,서대문구
2199,서대문구
2200,서대문구
2201,서대문구
2202,서대문구
2203,서대문구
2204,서대문구
2205,서대문구
2206,서대문구
2207,서대문구
2208,서대문구
2209,서대문구
2210,서대문구
2211,서대문구
2212,서대문구
2213,서대문구
2214,서대문구
2215,서대문구
2216,서대문구
2217,서대문구
2218,서대문구
2219,서대문구
2220,성북구
2221,성북구
2222,성북구
2223,성북구
2224,성북구
2225,성북구
2226,성북구
2227,성북구
2228,성북구
2229,성북구
2230,성북구
2231,성북구
2232,성북구
2233,성북구
2234,성북구
2235,성북구
2236,성북구
2237,성북구
2238,성북구
2239,용산구
2240,용산구
2241,은평구
2242,은평구
2243,은평구
2244,은평구
2245,은평구
2246,은평구
2247,은평구
2248,은평구
2249,은평구
2250,은평구
2251,은평구
2252,은평구
2253,은평구
2254,은평구
2255,은평구
2256,은평구
2257,은평구
2258,은평구
2259,은평구
2260,은평구
2261,은평구
2262,은평구
2263,은평구
2264,은평구
2265,동대문구
2266,동대문구
2267,동대문구
2268,동대문구
2269,동대문구
2270,동대문구
2271,동대문구
2272,동대문구
2273,동대문구
2274,성북구
2275,동대문구
2276,동대문구
2277,동대문구
2278,동대문구
2279,동대문구
2280,동대문구
2281,동대문구
2282,중랑구
2283,중랑구
2284,중랑구
2285,중랑구
2286,중랑구
2287,중랑구
2288,중랑구
2289,중랑구
2290,중랑구
2291,중랑구
2292,중랑구
2293,중랑구
2294,중랑구
2295,중랑구
2296,중랑구
2297,중랑구
2298,중랑구
2299,중랑구
2300,중랑구
2301,중랑구
2302,광진구
2303,광진구
2304,광진구
2305,광진구
2306,광진구
2307,광진구
2308,광진구
2309,광진구
2310,광진구
2311,광진구
2312,광진구
2313,광진구
2314,광진구
2315,광진구
2316,광진구
2317,광진구
2318,광진구
2319,광진구
2320,광진구
2321,광진구
2322,광진구
2323,광진구
2324,광진구
2325,광진구
2326,성동구
2327,성동구
2328,성동구
2329,성동구
2330,성동구
2331,성동구
2332,성동구
2333,성동구
2334,성동구
2335,성동구
2336,성동구
2337,성동구
2338,성동구
2339,성동구
2340,성동구
2341,성동구
2342,성동구
2343,성동구
2344,성동구
2345,동작구
2346,동작구
2347,동작구
2348,동작구
2349,동작구
2350,동작구
2351,동작구
2352,동작구
2353,동작구
2354,동작구
2355,동작구
2356,동작구
2357,동작구
2358,동작구
2359,동작구
2360,동작구
2361,동작구
2362,동작구
2363,동작구
2364,동작구
2365,동작구
2366,동작구
2367,동작구
2368,동작구
2369,동작구
2370,관악구
2371,관악구
2372,관악구
2373,관악구
2374,관악구
2375,관악구
2376,관악구
2377,관악구
2378,관악구
2379,관악구
2380,관악구
2381,관악구
2382,관악구
2383,관악구
2384,관악구
2385,관악구
2386,관악구
2387,관악구
2388,관악구
2389,관악구
2390,관악구
2391,관악구
2392,관악구
2393,관악구
2394,관악구
2395,양천구
2396,양천구
2397,양천구
2398,양천구
2399,강서구
2400,강북구
2401,강북구
2402,강북구
2403,강북구
2404,서초구
2405,강북구
2406,성북구
2407,광진구
2408,광진구
2409,송파구
2410,송파구
2411,강서구
2412,강서구
2413,강동구
2414,서초구
2415,서초구
2416,서초구
2417,서초구
2418,동대문구
2419,강서구
2420,성동구
2421,성동구
2422,중구
2423,종로구
2424,강동구
2425,은평구
2426,성남
2427,종로구
2428,관악구
2429,영등포구
2430,중구
2431,중구
2432,중구
2433,중구
2434,중구
2435,구로구
2436,용산구
2437,용산구
2438,용산구
2439,용산구
2440,용산구
2441,용산구
2442,용산구
2443,용산구
2444,용산구
2445,용산구
2446,용산구
2447,용산구
2448,용산구
2449,용산구
2450,용산구
2451,용산구
2452,용산구
2453,용산구
2454,용산구
2455,용산구
2456,용산구
2457,강동구
2458,강북구
2459,강북구
2460,강북구
2461,강북구
2462,구로구
2463,구로구
2464,구로구
2465,구로구
2466,성동구
2467,성동구
2468,성동구
2469,용산구
2470,은평구
2471,은평구
2472,종로구
2473,종로구
2474,강남구
2475,강서구
2476,강서구
2477,강서구
2478,강서구
2479,강서구
2480,강서구
2481,강서구
2482,강서구
2483,강서구
2484,강서구
2485,강서구
2486,강서구
2487,강서구
2488,강서구
2489,강서구
2490,강서구
2491,강서구
2492,강서구
2493,강서구
2494,강서구
2495,강서구
2496,동대문구
2497,동대문구
2498,동대문구
2499,동대문구
2500,동대문구
2501,동대문구
2502,동대문구
2503,동대문구
2504,동대문구
2505,동대문구
2506,동대문구
2507,동대문구
2508,동대문구
2509,동대문구
2510,성북구
2511,종로구
2512,종로구
2513,종로구
2514,중구
2515,중구
2516,중구
2517,중구
2518,중구
2519,중구
2520,중구
2521,중구
2522,중구
2523,중구
2524,중구
2525,중구
2526,중구
2527,중구
2528,마포구
2529,마포구
2530,마포구
2531,마포구
2532,마포구
2533,마포구
2534,마포구
2535,마포구
2536,마포구
2537,마포구
2538,강서구
2539,강서구
2540,강서구
2541,광진구
2542,광진구
2543,광진구
2544,광진구
2545,광진구
2546,광진구
2547,광진구
2548,광진구
2549,도봉구
2550,강서구
2551,강서구
2552,강서구
2553,강서구
2554,강서구
2555,강서구
2556,강서구
2557,강서구
2558,강서구
2559,구로구
2560,동대문구
2561,서대문구
2562,서초구
2563,영등포구
2564,영등포구
2565,종로구
2566,중구
2567,강동구
2568,강동구
2569,강서구
2570,서초구
2571,송파구
2572,송파구
2573,송파구
2574,송파구
2575,송파구
2576,송파구
2577,송파구
2578,송파구
2579,송파구
2580,송파구
2581,송파구
2582,송파구
2583,송파구
2584,송파구
2585,송파구
2586,송파구
2587,송파구
2588,송파구
2589,송파구
2590,송파구
2591,송파구
2592,송파구
2593,송파구
2594,송파구
2595,송파구
2596,송파구
2597,송파구
2598,송파구
2599,송파구
2600,송파구
2601,송파구
2602,송파구
2603,송파구
2604,송파구
2605,송파구
2606,송파구
2607,송파구
2608,송파구
2609,송파구
2610,강북구
2611,강서구
2612,강서구
2613,강서구
2614,관악구
2615,관악구
2616,관악구
2617,관악구
2618,관악구
2619,송파구
2620,송파구
2621,송파구
2622,종로구
2623,종로구
2624,중구
2625,중구
2626,중구
2627,강서구
2628,중랑구
2629,중랑구
2630,중랑구
2631,중랑구
2632,중랑구
2633,중랑구
2634,중랑구
2635,중랑구
2636,중랑구
2637,금천구
2638,금천구
2639,금천구
2640,금천구
2641,금천구
2642,금천구
2643,영등포구
2644,영등포구
2645,영등포구
2646,영등포구
2647,영등포구
2648,영등포구
2649,동작구
2650,동작구
2651,동작구
2652,동작구
2653,동작구
2654,동작구
2655,서초구
2656,서초구
2657,서초구
2658,서초구
2659,서초구
2660,서초구
2661,서초구
2662,서초구
2663,서초구
2664,서초구
2665,서초구
2666,서초구
2667,서초구
2668,서초구
2669,서초구
2670,강남구
2671,강남구
2672,강남구
2673,강남구
2674,강남구
2675,강남구
2676,강남구
2677,강남구
2678,강남구
2679,강남구
2680,강남구
2681,강남구
2682,강남구
2683,강남구
2684,강남구
2685,강남구
2686,강남구
2687,강남구
2688,강남구
2689,강남구
2690,강남구
2691,강남구
2692,양천구
2693,중구
2694,영등포구
2695,도봉구
2696,강동구
2697,강동구
2698,노원구
2699,노원구
2700,노원구
2701,노원구
2702,노원구
2703,노원구
2704,노원구
2705,노원구
2706,노원구
2707,노원구
2708,노원구
2709,노원구
2710,노원구
2711,노원구
2712,노원구
2713,노원구
2714,노원구
2715,노원구
2716,노원구
2717,노원구
2718,노원구
2719,노원구
2720,노원구
2721,노원구
2722,도봉구
2723,도봉구
2724,도봉구
2725,도봉구
2726,도봉구
2727,도봉구
2728,송파구
2729,노원구
2730,도봉구
2731,성북구
2732,강동구
2733,강동구
2734,강동구
2735,강동구
2736,강동구
2737,강동구
2738,강동구
2739,강동구
2740,강동구
2741,강동구
2742,강동구
2743,강동구
2744,강동구
2745,강동구
2746,강동구
2747,강동구
2748,강동구
2749,강동구
2750,강동구
2751,강동구
2752,강서구
2753,구로구
2754,노원구
2755,송파구
2756,송파구
2757,송파구
2758,양천구
2759,양천구
2760,양천구
2761,양천구
2762,양천구
2763,양천구
2764,양천구
2765,양천구
2766,양천구
2767,양천구
2768,양천구
2769,양천구
2770,양천구
2771,양천구
2772,양천구
2773,양천구
2774,양천구
2775,은평구
2776,은평구
2777,은평구
2778,은평구
2779,은평구
2780,은평구
2781,은평구
2782,은평구
2783,은평구
2784,은평구
2785,은평구
2786,중구
2787,성동구
2788,강남구
2789,강서구
2790,강서구
2791,노원구
2792,노원구
2793,성북구
2794,양천구
2795,중랑구
2796,송파구
2797,송파구
2798,송파구
2799,도봉구
2800,영등포구
2801,영등포구
2802,강동구
2803,동작구
2804,노원구
2805,중구
2806,영등포구
2807,영등포구
2808,영등포구
2809,영등포구
2810,영등포구
2811,영등포구
2812,영등포구
2813,영등포구
2814,영등포구
2815,영등포구
2816,영등포구
2817,영등포구
2818,영등포구
2819,영등포구
2820,영등포구
2821,영등포구
2822,영등포구
2823,영등포구
2824,은평구
2825,은평구
2826,동작구
2827,동작구
2828,구로구
2829,구로구
2830,광진구
2831,강서구
2832,강서구
2833,송파구
2834,성동구
2835,노원구
2836,노원구
2837,강남구
2838,강남구
2839,강남구
2840,강동구
2841,강동구
2842,관악구
2843,광진구
2844,양천구
2845,중구
2846,중랑구
2847,강남구
2848,도봉구
2849,도봉구
2850,송파구
2851,관악구
2852,영등포구
2853,서초구
2854,강동구
2855,구로구
2856,성동구
2857,강서구
2858,강서구
2859,노원구
2860,중랑구
2861,노원구
2862,강동구
2863,성동구
2864,성동구
2865,광진구
2866,용산구
2867,강남구
2868,강남구
2869,강남구
2870,강남구
2871,강서구
2872,관악구
2873,관악구
2874,마포구
2875,서초구
2876,송파구
2877,송파구
2878,송파구
2879,양천구
2880,용산구
2881,중랑구
2882,강남구
2883,강서구
2884,강서구
2885,강서구
2886,강서구
2887,강서구
2888,강서구
2889,강서구
2890,강서구
2891,광진구
2892,구로구
2893,금천구
2894,금천구
2895,금천구
2896,노원구
2897,서대문구
2898,성북구
2899,영등포구
2900,영등포구
2901,영등포구
2902,영등포구
2903,중구
2904,중랑구
2905,마포구
2906,중랑구
2907,강남구
2908,강동구
2909,강동구
2910,금천구
2911,금천구
2912,금천구
2913,금천구
2914,노원구
2915,송파구
2916,송파구
2917,송파구
2918,송파구
2919,송파구
2920,영등포구
2921,중랑구
2922,중랑구
2923,종로구
2924,용산구
2925,강남구
2926,강남구
2927,강남구
2928,강동구
2929,강동구
2930,강북구
2931,금천구
2932,금천구
2933,동대문구
2934,서초구
2935,성북구
2936,송파구
2937,송파구
2938,송파구
2939,송파구
2940,송파구
2941,송파구
2942,중랑구
2943,강서구
2944,강서구
2945,강서구
2946,강서구
2947,강서구
2948,관악구
2949,구로구
2950,양천구
2951,양천구
2952,중랑구
2953,중랑구
2954,노원구
2955,노원구
2956,은평구
2957,송파구
2958,영등포구
2959,영등포구
2960,양천구
2961,양천구
2962,서초구
2963,강남구
2964,금천구
2965,강서구
2966,강동구
2967,도봉구
2968,도봉구
2969,중랑구
2970,성북구
2971,노원구
2972,송파구
2973,송파구
2974,마포구
2975,마포구
2976,마포구
2977,마포구
2978,마포구
2979,마포구
2980,마포구
2981,마포구
2982,마포구
2983,마포구
2984,송파구
2985,송파구
2986,송파구
2987,송파구
2988,송파구
2989,송파구
2990,서대문구
2991,송파구
2992,강서구
2993,강서구
2994,강서구
2995,관악구
2996,관악구
2997,구로구
2998,금천구
2999,금천구
3000,노원구
3001,도봉구
3002,성동구
3003,성동구
3004,송파구
3005,송파구
3006,중랑구
3007,중랑구
3008,마포구
3009,서초구
3010,서초구
3011,영등포구
3012,광진구
3013,구로구
3014,노원구
3015,노원구
3016,마포구
3017,마포구
3018,마포구
3019,마포구
3020,마포구
3021,마포구
3022,마포구
3023,중랑구
3024,중랑구
3025,중랑구
3026,도봉구
3027,서대문구
3028,은평구
3029,금천구
3030,영등포구
3031,강서구
3032,금천구
3033,서대문구
3034,서대문구
3035,중랑구
3036,중랑구
3037,구로구
3038,성북구
3039,성북구
3040,영등포구
3041,영등포구
3042,성동구
3043,성동구
3044,성동구
3045,성북구
3046,성북구
3047,양천구
3048,양천구
3049,강남구
3050,도봉구
3051,서대문구
3052,중구
3053,중구
3054,용산구
3055,구로구
3056,용산구
3057,강남구
3058,은평구
3059,양천구
3060,노원구
3061,영등포구
3062,서대문구
3063,노원구
3064,동작구
3065,동작구
3066,강남구
3067,구로구
3068,강서구
3069,송파구
3070,송파구
3071,송파구
3072,영등포구
3073,영등포구
3074,영등포구
3075,종로구
3076,은평구
3077,강남구
3078,강남구
3079,강남구
3080,용산구
3081,용산구
3082,용산구
3083,용산구
3084,강서구
3085,강동구
3086,서초구
3087,강동구
3088,구로구
3089,양천구
3090,종로구
3091,도봉구
3092,도봉구
3093,도봉구
3094,강서구
3095,은평구
3096,강남구
3097,노원구
3098,강동구
3099,성동구
3100,강서구
3101,노원구
3102,영등포구
3103,구로구
3104,양천구
3105,동작구
3106,동작구
3107,서대문구
3108,강남구
3109,강남구
3110,노원구
3111,강남구
3112,강남구
3113,서대문구
3114,서대문구
3115,강남구
3116,노원구
3117,동작구
3118,강서구
3119,도봉구
3120,성동구
3121,성동구
3122,노원구
3123,노원구
3124,구로구
3125,강서구
3126,은평구
3127,은평구
3128,강서구
3129,강서구
3130,마포구
3131,송파구
3132,송파구
3133,송파구
3134,노원구
3135,용산구
3136,성동구
3137,강서구
3138,용산구
3139,서대문구
3140,서대문구
3141,송파구
3142,영등포구
3143,관악구
3144,서초구
3145,강서구
3146,양천구
3147,강동구
3148,송파구
3149,노원구
3150,송파구
3151,송파구
3152,강북구
3153,송파구
3154,강동구
3155,동대문구
3156,서초구
3157,서초구
3158,성북구
3159,용산구
3160,영등포구
3161,중구
3162,송파구
3163,양천구
3164,강남구
3165,동대문구
3166,관악구
3167,노원구
3168,중랑구
3169,은평구
3170,영등포구
3171,영등포구
3172,도봉구
3173,동대문구
3174,노원구
3175,도봉구
3176,도봉구
3177,도봉구
3178,강남구
3179,강남구
3180,서초구
3181,서초구
3182,구로구
3183,강서구
3184,강북구
3185,강남구
3186,광진구
3187,영등포구
3188,광진구
3189,구로구
3190,송파구
3191,송파구
3192,노원구
3193,강북구
3194,구로구
3195,구로구
3196,금천구
3197,도봉구
3198,동대문구
3199,관악구
3200,영등포구
3201,은평구
3202,서대문구
3203,성북구
3204,영등포구
3205,성동구
3206,동대문구
3207,강남구
3208,강남구
3209,강동구
3210,중구
3211,노원구
3212,영등포구
3213,마포구
3214,송파구
3215,양천구
3216,서초구
3217,서초구
3218,노원구
3219,금천구
3220,서초구
3221,서초구
3222,구로구
3223,구로구
3224,양천구
3225,구로구
3226,강서구
3227,양천구
3228,성동구
3229,송파구
3230,송파구
3231,송파구
3232,송파구
3233,중랑구
3234,강북구
